月ノ美兎	UCD-miitqNY3nyukJ4Fnf4_A
Shizuka Rin Official	UC6oDys1BGgBsIC3WhG1BovQ
樋口楓【にじさんじ所属】	UCsg-YqdqQ-KFF0LNk23BY4A
本間ひまわり - Himawari Honma -	UC0g1AE0DOjBYnLhkgoRWN1w
椎名唯華	UC_4tXjqecqox5Uc05ncxpxg
鈴鹿詩子 Utako Suzuka	UCwokZsOK_uEre70XayaFnzA
笹木咲 / Sasaki Saku	UCoztvTULBYd3WmStqYeoHcA
♥️♠️物述有栖♦️♣️	UCt0clH12Xk1-Ej5PXKGfdPA
シスター・クレア -SisterClaire-	UC1zFJrfEKvCixhsjNSb1toQ
エルフのえる / にじさんじ所属	UCYKP16oMX9KKPbrNgo_Kgag
剣持刀也	UCv1fFr156jc65EMiLbaLImw
Kanae Channel	UCspv01oxUFf_MTSipURRhkA
ちひろチャンネル	UCLO9QDxVL4bnvRRsz6K4bsQ
竜胆 尊 / Rindou Mikoto	UCPvGypSgfDkVe7JG2KygK7A
緑仙channel	UCt5-0i4AVHXaWJrL8Wql3mw
家長むぎ【にじさんじ所属】	UC_GCs6GARLxEHxy1w40d6VQ
夢月ロア🌖Yuzuki Roa	UCCVwhI5trmaSxfcze_Ovzfw
宇志海いちご	UCmUjjW5zF1MMOhYUwwwQv9Q
森中花咲	UCtpB6Bvhs1Um93ziEDACQ8g
Kuzuha Channel	UCSFCh5NL4qXrAy9u-u2lX3g
鷹宮リオン	UCV5ZZlLjk5MKGg3L0n0vbzw
ドーラ	UC53UDnhAAYwvNO7j_2Ju1cQ
ベルモンド・バンデラス	UCbc8fwhdUNlqi-J99ISYu4A
《にじさんじ所属の女神》モイラ	UCvmppcdYf4HOv-tFQhHHJMA
社築	UCKMYISTJAQ8xTplUPHiABlA
【3年0組】郡道美玲の教室	UCeShTCVgZyq2lsBW9QwIJcw
ジョー・力一	UChUJbHiTVeGrSkTdBzVfNCQ
御伽原 江良 / Otogibara Era【にじさんじ】	UCwQ9Uv-m8xkE5PzRc7Bqx3Q
Kudou_chitose / 久遠千歳	UCP2o-o6u4uX3uq1hXspl0rg
闇夜乃モルル / Moruru Yamiyono	UCNUgrFCo2Hr_VXc9bEwjcHQ
Akabane Channel	UCBi8YaVyZpiKWN3_Z0dCTfQ
花畑チャイカ	UCsFn_ueskBkMCEyzCEqAOvg
雪汝*setsuna channel	UCfM_A7lE6LkGrzx6_mOtI4g
舞元啓介	UCJubINhCcFXlsBwnHp0wl_g
童田明治-わらべだめいじー-	UCveZ9Ic1VtcXbsyaBgxPMvg
鈴谷アキの陽だまりの庭	UCpnvhOIJ6BN-vPkYU9ls-Eg
魔界ノりりむ	UC9EjSJ8pvxtvPdxLOElv73w
Yuhi Riri Official	UC48jH1ul-6HOrcSSfoR02fQ
リゼ・ヘルエスタ -Lize Helesta-	UCZ1xuCK1kNmn5RzPYIZop3w
アンジュ・カトリーナ - Ange Katrina -	UCHVXbQzkl3rDfsXWo8xi2qw
黒井しば【にじさんじの犬】	UCmeyo5pRj_6PXG-CsGUuWWg
でびでび・でびる	UCjlmCrq4TP1I4xguOtJ-31w
伏見ガク【にじさんじ所属】	UCXU7YYxy_iQd3ulXyO-zC2w
渋谷ハジメのはじめ支部	UCeK9HFcRZoTrvqcUCtccMoQ
卯月コウ	UC3lNFeJiTq6L3UWoz4g1e-A
戌亥とこ-Inui Toko-【にじさんじ】	UCXRlIK3Cw_TJIQC5kSJJQMg
文野環【にじさんじの野良猫】ふみのたまき	UCBiqkFJljoxAj10SoP2w2Cg
雨森小夜	UCRWOdwLRsenx2jLaiCAIU4A
Gilzaren III Season 2	UCUzJ90o1EjqUbk2pBAy0_aw
夢追翔のJUKE BOX	UCTIE7LM5X15NVugV7Krp9Hw
町田ちま【にじさんじ】	UCo7TRj3cS-f_1D9ZDmuTsjw
名伽尾アズマ☀️	UCks41vQN-hN-1KHmpZyPY3A
《IzumoKasumi》Project channel【にじさんじ】	UCLpYMk5h1bq8_GAFVBgXhPQ
桜凛月	UCfQVs_KuXeNAlGa3fb8rlnQ
轟 京子	UCRV9d6YCYIMUszK-83TwxVA
遠北千南 / Achikita Chinami 【にじさんじ】	UCuz0vzQgC8LRdS6lVV0UkUg
八朔ゆず【にじさんじ】	UCFaDvgez8USXHiKidt0NtZg
【にじさんじ】神田笑一	UCWz0CSYCxf4MhRKPDm220AQ
安土桃	UC6TfqY40Xt1Y0J-N18c85qQ
愛園 愛美/Aizono Manami	UC0WwEfE-jOM2rzjpdfhTzZA
飛鳥ひな【にじさんじ所属】	UCiSRx1a2k-0tOg-fs6gAolQ
雪城眞尋/Yukishiro Mahiro【にじさんじ所属】	UCHX7YpFG8rVwhsHCx34xt7w
語部紡	UCufQu4q65z63IgE4cfKs1BQ
Re‡D.E.放送局【鈴木勝/にじさんじ】	UCryOPk2GZ1meIDt53tL30Tw
瀬戸 美夜子 - Miyako Seto	UCHK5wkevfaGrPr7j3g56Jmw
小野町 春香 Onomachi Haruka にじさんじ	UCg63a3lk6PNeWhVvMRM_mrQ
三枝明那 / Akina Saegusa	UCNW1Ex0r6HsWRD4LCtPwvoQ
鈴原るる【にじさんじ所属】	UC_a1ZYZ8ZTXpjg9xUY9sj8w
矢車りね - Rine Yaguruma -	UCvzVB-EYuHFXHZrObB8a_Og
春崎エアル	UCtAvQ5U0aXyKwm2i4GqFgJg
月見しずく	UCqQV8xEBWd5SVZBLlYrS_5Q
成瀬 鳴	UCoM_XmK45j504hfUWvN06Qg